application_id,candidate_id,requisition_id,application_date,source_channel,application_status_current,current_stage_code,rejected_date,withdrawal_date,disposition_reason,updated_at,extracted_at
APP-0000001,CAND-0000001,REQ-2024-00001,2024-01-10,linkedin,rejected,review,2024-01-14,,experience_mismatch,2026-06-02T23:59:59Z,2026-05-31T23:59:59Z
APP-0000002,CAND-0000002,REQ-2024-00001,2024-01-10,job_board,rejected,review,2024-01-14,,experience_mismatch,2024-01-14T19:06:41Z,2026-05-31T23:59:59Z
APP-0000003,CAND-0000003,REQ-2024-00001,2024-01-11,linkedin,rejected,interview,2024-02-07,,interview_feedback,2024-02-07T14:45:43Z,2026-05-31T23:59:59Z
APP-0000004,CAND-0000004,REQ-2024-00001,2024-01-12,career_site,rejected,review,2024-01-14,,experience_mismatch,2024-01-14T17:50:44Z,2026-05-31T23:59:59Z
APP-0000005,CAND-0000005,REQ-2024-00002,2024-01-14,job_board,rejected,assessment,2024-01-22,,assessment_failed,2024-01-22T09:26:58Z,2026-05-31T23:59:59Z
APP-0000006,CAND-0000006,REQ-2024-00002,2024-01-14,career_site,withdrawn,review,,2024-01-18,no_response,2024-01-18T17:35:20Z,2026-05-31T23:59:59Z
APP-0000007,CAND-0000007,REQ-2024-00001,2024-01-15,sourced,rejected,review,2024-01-19,,experience_mismatch,2024-01-19T18:35:58Z,2026-05-31T23:59:59Z
APP-0000008,CAND-0000008,REQ-2024-00002,2024-01-15,internal,rejected,review,2024-01-18,,experience_mismatch,2024-01-18T13:04:31Z,2026-05-31T23:59:59Z
APP-0000009,CAND-0000009,REQ-2024-00002,2024-01-15,sourced,rejected,review,2024-01-16,,experience_mismatch,2024-01-16T10:27:21Z,2026-05-31T23:59:59Z
APP-0000010,CAND-0000010,REQ-2024-00002,2024-01-16,career_site,withdrawn,screen,,2024-01-24,accepted_other_offer,2024-01-24T09:05:48Z,2026-05-31T23:59:59Z
APP-0000011,CAND-0000011,REQ-2024-00002,2024-01-17,job_board,rejected,interview,2024-02-18,,position_filled,2024-02-18T09:47:38Z,2026-05-31T23:59:59Z
APP-0000012,CAND-0000012,REQ-2024-00002,2024-01-17,linkedin,rejected,review,2024-01-19,,not_qualified,2024-01-19T18:44:16Z,2026-05-31T23:59:59Z
APP-0000013,CAND-0000013,REQ-2024-00002,2024-01-17,job_board,rejected,screen,2024-01-23,,not_qualified,2024-01-23T19:44:22Z,2026-05-31T23:59:59Z
APP-0000014,CAND-0000014,REQ-2024-00002,2024-01-18,referral,rejected,review,2024-01-24,,experience_mismatch,2024-01-24T15:50:13Z,2026-05-31T23:59:59Z
APP-0000015,CAND-0000015,REQ-2024-00002,2024-01-18,career_site,rejected,review,2024-01-21,,not_qualified,2024-01-21T11:09:23Z,2026-05-31T23:59:59Z
APP-0000016,CAND-0000016,REQ-2024-00001,2024-01-19,sourced,rejected,interview,2024-02-16,,interview_feedback,2024-02-16T17:34:17Z,2026-05-31T23:59:59Z
APP-0000017,CAND-0000017,REQ-2024-00002,2024-01-19,linkedin,withdrawn,assessment,,2024-01-31,accepted_other_offer,2024-01-31T17:45:51Z,2026-05-31T23:59:59Z
APP-0000018,CAND-0000018,REQ-2024-00002,2024-01-19,linkedin,rejected,screen,2024-01-24,,not_qualified,2024-01-24T12:20:46Z,2026-05-31T23:59:59Z
APP-0000019,CAND-0000019,REQ-2024-00002,2024-01-20,referral,rejected,review,2024-01-25,,not_qualified,2024-01-25T17:09:28Z,2026-05-31T23:59:59Z
APP-0000020,CAND-0000020,REQ-2024-00002,2024-01-20,career_site,rejected,review,2024-01-22,,experience_mismatch,2024-01-22T10:40:47Z,2026-05-31T23:59:59Z
APP-0000021,CAND-0000021,REQ-2024-00002,2024-01-20,career_site,rejected,interview,2024-02-07,,interview_feedback,2024-02-07T11:07:37Z,2026-05-31T23:59:59Z
APP-0000022,CAND-0000022,REQ-2024-00002,2024-01-20,job_board,withdrawn,review,,2024-01-23,accepted_other_offer,2024-01-23T12:52:19Z,2026-05-31T23:59:59Z
APP-0000023,CAND-0000023,REQ-2024-00002,2024-01-20,job_board,rejected,review,2024-01-24,,experience_mismatch,2024-01-24T12:21:41Z,2026-05-31T23:59:59Z
APP-0000024,CAND-0000024,REQ-2024-00002,2024-01-21,job_board,withdrawn,assessment,,2024-02-09,no_response,2024-02-09T12:38:14Z,2026-05-31T23:59:59Z
APP-0000025,CAND-0000025,REQ-2024-00002,2024-01-21,job_board,rejected,screen,2024-01-29,,not_qualified,2024-01-29T15:50:56Z,2026-05-31T23:59:59Z
APP-0000026,CAND-0000026,REQ-2024-00002,2024-01-21,job_board,rejected,screen,2024-01-28,,experience_mismatch,2024-01-28T08:08:58Z,2026-05-31T23:59:59Z
APP-0000027,CAND-0000027,REQ-2024-00002,2024-01-21,job_board,rejected,review,2024-02-02,,experience_mismatch,2024-02-02T11:01:32Z,2026-05-31T23:59:59Z
APP-0000028,CAND-0000028,REQ-2024-00003,2024-01-21,referral,rejected,review,2024-01-25,,experience_mismatch,2024-01-25T08:50:37Z,2026-05-31T23:59:59Z
APP-0000029,CAND-0000029,REQ-2024-00001,2024-01-22,career_site,rejected,review,2024-01-29,,not_qualified,2024-01-29T12:55:39Z,2026-05-31T23:59:59Z
APP-0000030,CAND-0000030,REQ-2024-00002,2024-01-22,job_board,started,offer,,,,2024-03-04T12:28:30Z,2026-05-31T23:59:59Z
APP-0000031,CAND-0000031,REQ-2024-00001,2024-01-23,linkedin,rejected,review,2024-01-27,,experience_mismatch,2024-01-27T16:39:20Z,2026-05-31T23:59:59Z
APP-0000032,CAND-0000032,REQ-2024-00002,2024-01-23,career_site,rejected,review,2024-01-25,,not_qualified,2024-01-25T17:34:58Z,2026-05-31T23:59:59Z
APP-0000033,CAND-0000033,REQ-2024-00002,2024-01-24,job_board,rejected,screen,2024-01-29,,experience_mismatch,2024-01-29T13:20:20Z,2026-05-31T23:59:59Z
APP-0000034,CAND-0000034,REQ-2024-00002,2024-01-24,sourced,started,offer,,,,2024-03-11T08:14:47Z,2026-05-31T23:59:59Z
APP-0000035,CAND-0000035,REQ-2024-00003,2024-01-24,job_board,rejected,review,2024-01-27,,not_qualified,2024-01-27T09:01:21Z,2026-05-31T23:59:59Z
APP-0000036,CAND-0000036,REQ-2024-00002,2024-01-25,referral,rejected,review,2024-01-30,,experience_mismatch,2024-01-30T13:12:59Z,2026-05-31T23:59:59Z
APP-0000037,CAND-0000037,REQ-2024-00002,2024-01-26,job_board,rejected,review,2024-01-28,,experience_mismatch,2024-01-28T18:11:25Z,2026-05-31T23:59:59Z
APP-0000038,CAND-0000038,REQ-2024-00001,2024-01-27,linkedin,rejected,screen,2024-02-03,,not_qualified,2024-02-03T15:00:44Z,2026-05-31T23:59:59Z
APP-0000039,CAND-0000039,REQ-2024-00001,2024-01-27,linkedin,rejected,review,2024-02-21,,not_qualified,2024-02-21T11:38:50Z,2026-05-31T23:59:59Z
APP-0000040,CAND-0000040,REQ-2024-00001,2024-01-27,internal,rejected,interview,2024-02-19,,interview_feedback,2024-02-19T11:21:13Z,2026-05-31T23:59:59Z
APP-0000041,CAND-0000041,REQ-2024-00001,2024-01-27,linkedin,started,offer,,,,2024-03-25T16:05:19Z,2026-05-31T23:59:59Z
APP-0000042,CAND-0000042,REQ-2024-00002,2024-01-27,linkedin,withdrawn,assessment,,2024-02-03,location,2024-02-03T09:09:25Z,2026-05-31T23:59:59Z
APP-0000043,CAND-0000043,REQ-2024-00002,2024-01-28,career_site,rejected,interview,2024-02-18,,position_filled,2024-02-18T14:53:07Z,2026-05-31T23:59:59Z
APP-0000044,CAND-0000044,REQ-2024-00002,2024-01-28,referral,rejected,review,2024-01-29,,experience_mismatch,2024-01-29T18:41:52Z,2026-05-31T23:59:59Z
APP-0000045,CAND-0000045,REQ-2024-00003,2024-01-28,career_site,rejected,review,2024-02-02,,not_qualified,2024-02-02T18:05:26Z,2026-05-31T23:59:59Z
APP-0000046,CAND-0000046,REQ-2024-00002,2024-01-29,career_site,rejected,interview,2024-02-18,,position_filled,2024-02-18T08:15:24Z,2026-05-31T23:59:59Z
APP-0000047,CAND-0000047,REQ-2024-00001,2024-01-30,sourced,rejected,review,2024-02-08,,not_qualified,2024-02-08T13:28:42Z,2026-05-31T23:59:59Z
APP-0000048,CAND-0000048,REQ-2024-00002,2024-01-30,job_board,rejected,assessment,2024-02-13,,assessment_failed,2024-02-13T18:58:35Z,2026-05-31T23:59:59Z
APP-0000049,CAND-0000049,REQ-2024-00003,2024-01-30,referral,rejected,review,2024-02-02,,experience_mismatch,2024-02-02T08:52:29Z,2026-05-31T23:59:59Z
APP-0000050,CAND-0000050,REQ-2024-00002,2024-02-01,job_board,rejected,review,2024-02-12,,not_qualified,2024-02-12T12:07:04Z,2026-05-31T23:59:59Z
APP-0000051,CAND-0000051,REQ-2024-00003,2024-02-01,internal,rejected,assessment,2024-02-27,,assessment_failed,2024-02-27T14:44:14Z,2026-05-31T23:59:59Z
APP-0000052,CAND-0000052,REQ-2024-00001,2024-02-03,career_site,rejected,review,2024-02-06,,experience_mismatch,2024-02-06T12:11:48Z,2026-05-31T23:59:59Z
APP-0000053,CAND-0000053,REQ-2024-00002,2024-02-06,job_board,withdrawn,screen,,2024-02-18,personal,2024-02-18T11:16:34Z,2026-05-31T23:59:59Z
APP-0000054,CAND-0000054,REQ-2024-00002,2024-02-06,sourced,rejected,screen,2024-02-15,,not_qualified,2024-02-15T19:49:05Z,2026-05-31T23:59:59Z
APP-0000055,CAND-0000055,REQ-2024-00001,2024-02-07,career_site,withdrawn,review,,2024-02-11,no_response,2024-02-11T10:55:35Z,2026-05-31T23:59:59Z
APP-0000056,CAND-0000056,REQ-2024-00002,2024-02-07,job_board,withdrawn,screen,,2024-02-18,location,2024-02-18T17:06:37Z,2026-05-31T23:59:59Z
APP-0000057,CAND-0000057,REQ-2024-00002,2024-02-08,linkedin,rejected,review,2024-02-12,,experience_mismatch,2024-02-12T09:30:51Z,2026-05-31T23:59:59Z
APP-0000058,CAND-0000058,REQ-2024-00002,2024-02-08,agency,withdrawn,screen,,2024-02-18,compensation_expectations,2024-02-18T09:22:34Z,2026-05-31T23:59:59Z
APP-0000059,CAND-0000059,REQ-2024-00003,2024-02-09,job_board,rejected,review,2024-02-16,,not_qualified,2024-02-16T18:42:20Z,2026-05-31T23:59:59Z
APP-0000060,CAND-0000060,REQ-2024-00003,2024-02-10,sourced,rejected,screen,2024-02-25,,experience_mismatch,2024-02-25T13:06:51Z,2026-05-31T23:59:59Z
APP-0000061,CAND-0000061,REQ-2024-00002,2024-02-13,agency,rejected,review,2024-02-18,,position_filled,2024-02-18T15:31:09Z,2026-05-31T23:59:59Z
APP-0000062,CAND-0000062,REQ-2024-00004,2024-02-14,linkedin,withdrawn,assessment,,2024-02-23,compensation_expectations,2024-02-23T16:44:55Z,2026-05-31T23:59:59Z
APP-0000063,CAND-0000063,REQ-2024-00004,2024-02-16,job_board,rejected,screen,2024-02-24,,experience_mismatch,2024-02-24T14:16:49Z,2026-05-31T23:59:59Z
APP-0000064,CAND-0000064,REQ-2024-00004,2024-02-16,career_site,rejected,review,2024-02-18,,experience_mismatch,2024-02-18T08:43:30Z,2026-05-31T23:59:59Z
APP-0000065,CAND-0000065,REQ-2024-00004,2024-02-17,job_board,withdrawn,review,,2024-02-19,compensation_expectations,2024-02-19T13:13:08Z,2026-05-31T23:59:59Z
APP-0000066,CAND-0000066,REQ-2024-00004,2024-02-18,career_site,rejected,screen,2024-02-23,,not_qualified,2024-02-23T17:45:02Z,2026-05-31T23:59:59Z
APP-0000067,CAND-0000067,REQ-2024-00004,2024-02-24,job_board,rejected,screen,2024-02-28,,not_qualified,2024-02-28T19:20:40Z,2026-05-31T23:59:59Z
APP-0000068,CAND-0000068,REQ-2024-00004,2024-02-26,linkedin,candidate_renege,offer,,,,2024-04-04T10:44:41Z,2026-05-31T23:59:59Z
APP-0000069,CAND-0000069,REQ-2024-00004,2024-03-01,career_site,rejected,assessment,2024-03-09,,assessment_failed,2024-03-09T19:22:55Z,2026-05-31T23:59:59Z
APP-0000070,CAND-0000070,REQ-2024-00004,2024-03-05,career_site,rejected,review,2024-03-09,,not_qualified,2024-03-09T11:29:46Z,2026-05-31T23:59:59Z
APP-0000071,CAND-0000071,REQ-2024-00006,2024-03-08,referral,rejected,interview,2024-04-18,,interview_feedback,2024-04-18T17:38:04Z,2026-05-31T23:59:59Z
APP-0000072,CAND-0000072,REQ-2024-00004,2024-03-09,career_site,withdrawn,review,,2024-03-14,compensation_expectations,2024-03-14T12:52:22Z,2026-05-31T23:59:59Z
APP-0000073,CAND-0000073,REQ-2024-00004,2024-03-10,sourced,rejected,interview,2024-03-27,,position_filled,2024-03-27T18:40:16Z,2026-05-31T23:59:59Z
APP-0000074,CAND-0000074,REQ-2024-00004,2024-03-10,job_board,rejected,review,2024-03-12,,not_qualified,2024-03-12T19:27:47Z,2026-05-31T23:59:59Z
APP-0000075,CAND-0000075,REQ-2024-00005,2024-03-10,linkedin,withdrawn,screen,,2024-03-17,compensation_expectations,2024-03-17T09:31:17Z,2026-05-31T23:59:59Z
APP-0000076,CAND-0000076,REQ-2024-00006,2024-03-10,career_site,withdrawn,review,,2024-03-24,accepted_other_offer,2024-03-24T19:41:19Z,2026-05-31T23:59:59Z
APP-0000077,CAND-0000077,REQ-2024-00004,2024-03-15,career_site,rejected,screen,2024-03-27,,position_filled,2024-03-27T11:22:49Z,2026-05-31T23:59:59Z
APP-0000078,CAND-0000078,REQ-2024-00005,2024-03-15,job_board,rejected,review,2024-03-17,,not_qualified,2024-03-17T08:02:32Z,2026-05-31T23:59:59Z
APP-0000079,CAND-0000079,REQ-2024-00003,2024-03-16,job_board,rejected,review,2024-03-19,,experience_mismatch,2024-03-19T09:13:50Z,2026-05-31T23:59:59Z
APP-0000080,CAND-0000080,REQ-2024-00005,2024-03-16,linkedin,rejected,assessment,2024-04-01,,assessment_failed,2024-04-01T17:09:57Z,2026-05-31T23:59:59Z
APP-0000081,CAND-0000081,REQ-2024-00005,2024-03-18,career_site,rejected,screen,2024-03-25,,experience_mismatch,2024-03-25T11:37:23Z,2026-05-31T23:59:59Z
APP-0000082,CAND-0000082,REQ-2024-00006,2024-03-18,career_site,rejected,review,2024-03-20,,experience_mismatch,2024-03-20T16:23:37Z,2026-05-31T23:59:59Z
APP-0000083,CAND-0000083,REQ-2024-00005,2024-03-22,referral,rejected,screen,2024-03-28,,not_qualified,2024-03-28T09:13:03Z,2026-05-31T23:59:59Z
APP-0000084,CAND-0000084,REQ-2024-00005,2024-03-22,career_site,rejected,interview,2024-04-09,,position_filled,2024-04-09T19:16:12Z,2026-05-31T23:59:59Z
APP-0000085,CAND-0000085,REQ-2024-00005,2024-03-23,referral,withdrawn,interview,,2024-04-09,no_response,2024-04-09T13:42:02Z,2026-05-31T23:59:59Z
APP-0000086,CAND-0000086,REQ-2024-00005,2024-03-25,internal,started,offer,,,,2024-04-29T10:34:56Z,2026-05-31T23:59:59Z
APP-0000087,CAND-0000087,REQ-2024-00005,2024-03-27,career_site,withdrawn,review,,2024-03-29,location,2024-03-29T19:56:54Z,2026-05-31T23:59:59Z
APP-0000088,CAND-0000088,REQ-2024-00005,2024-03-28,referral,withdrawn,assessment,,2024-04-03,location,2024-04-03T14:49:59Z,2026-05-31T23:59:59Z
APP-0000089,CAND-0000089,REQ-2024-00006,2024-03-28,linkedin,started,offer,,,,2024-06-03T15:02:25Z,2026-05-31T23:59:59Z
APP-0000090,CAND-0000090,REQ-2024-00006,2024-03-30,agency,rejected,interview,2024-05-03,,interview_feedback,2024-05-03T15:37:08Z,2026-05-31T23:59:59Z
APP-0000091,CAND-0000048,REQ-2024-00005,2024-03-31,agency,rejected,screen,2024-04-09,,position_filled,2024-04-09T19:08:34Z,2026-05-31T23:59:59Z
APP-0000092,CAND-0000091,REQ-2024-00004,2024-04-06,job_board,rejected,interview,2024-04-26,,interview_feedback,2024-04-26T11:38:48Z,2026-05-31T23:59:59Z
APP-0000093,CAND-0000092,REQ-2024-00004,2024-04-11,job_board,rejected,interview,2024-05-04,,interview_feedback,2024-05-04T09:00:14Z,2026-05-31T23:59:59Z
APP-0000094,CAND-0000093,REQ-2024-00004,2024-04-12,referral,rejected,screen,2024-04-20,,not_qualified,2024-04-20T17:15:41Z,2026-05-31T23:59:59Z
APP-0000095,CAND-0000094,REQ-2024-00004,2024-04-14,career_site,rejected,review,2024-04-17,,not_qualified,2024-04-17T16:13:31Z,2026-05-31T23:59:59Z
APP-0000096,CAND-0000095,REQ-2024-00004,2024-04-14,agency,withdrawn,review,,2024-04-16,personal,2024-04-16T10:49:53Z,2026-05-31T23:59:59Z
APP-0000097,CAND-0000096,REQ-2024-00006,2024-04-14,linkedin,rejected,interview,2024-05-05,,position_filled,2024-05-05T08:11:51Z,2026-05-31T23:59:59Z
APP-0000098,CAND-0000097,REQ-2024-00004,2024-04-15,referral,rejected,screen,2024-04-23,,not_qualified,2024-04-23T19:49:42Z,2026-05-31T23:59:59Z
APP-0000099,CAND-0000098,REQ-2024-00004,2024-04-18,linkedin,rejected,review,2024-04-20,,experience_mismatch,2024-04-20T16:17:04Z,2026-05-31T23:59:59Z
APP-0000100,CAND-0000099,REQ-2024-00004,2024-04-18,linkedin,rejected,screen,2024-04-22,,not_qualified,2024-04-22T09:14:02Z,2026-05-31T23:59:59Z
APP-0000101,CAND-0000100,REQ-2024-00004,2024-04-19,linkedin,offer_withdrawn,offer,,,,2024-05-16T16:58:52Z,2026-05-31T23:59:59Z
APP-0000102,CAND-0000101,REQ-2024-00004,2024-04-20,career_site,started,offer,,,,2024-06-10T16:48:54Z,2026-05-31T23:59:59Z
APP-0000103,CAND-0000102,REQ-2024-00006,2024-04-26,linkedin,withdrawn,screen,,2024-05-05,location,2024-05-05T12:51:44Z,2026-05-31T23:59:59Z
APP-0000104,CAND-0000103,REQ-2024-00004,2024-04-27,sourced,rejected,review,2024-04-29,,not_qualified,2024-04-29T13:45:39Z,2026-05-31T23:59:59Z
APP-0000105,CAND-0000104,REQ-2024-00004,2024-04-29,job_board,rejected,screen,2024-05-06,,experience_mismatch,2024-05-06T16:57:57Z,2026-05-31T23:59:59Z
APP-0000106,CAND-0000105,REQ-2024-00004,2024-05-02,career_site,rejected,interview,2024-05-19,,position_filled,2024-05-19T12:41:19Z,2026-05-31T23:59:59Z
APP-0000107,CAND-0000106,REQ-2024-00003,2024-05-09,career_site,started,offer,,,,2024-07-15T08:45:45Z,2026-05-31T23:59:59Z
APP-0000108,CAND-0000107,REQ-2024-00004,2024-05-14,referral,rejected,review,2024-05-17,,not_qualified,2024-05-17T19:14:48Z,2026-05-31T23:59:59Z
APP-0000109,CAND-0000108,REQ-2024-00007,2024-05-15,career_site,rejected,review,2024-05-18,,experience_mismatch,2024-05-18T19:56:46Z,2026-05-31T23:59:59Z
APP-0000110,CAND-0000109,REQ-2024-00007,2024-05-18,job_board,withdrawn,review,,2024-05-25,personal,2024-05-25T18:21:15Z,2026-05-31T23:59:59Z
APP-0000111,CAND-0000110,REQ-2024-00007,2024-05-19,job_board,rejected,assessment,2024-06-04,,assessment_failed,2024-06-04T14:06:05Z,2026-05-31T23:59:59Z
APP-0000112,CAND-0000111,REQ-2024-00007,2024-05-19,job_board,started,offer,,,,2024-07-22T16:51:03Z,2026-05-31T23:59:59Z
APP-0000113,CAND-0000112,REQ-2024-00007,2024-05-20,job_board,rejected,review,2024-05-26,,experience_mismatch,2024-05-26T17:25:53Z,2026-05-31T23:59:59Z
APP-0000114,CAND-0000113,REQ-2024-00007,2024-05-20,career_site,rejected,assessment,2024-06-03,,assessment_failed,2024-06-03T11:20:34Z,2026-05-31T23:59:59Z
APP-0000115,CAND-0000114,REQ-2024-00007,2024-05-21,job_board,rejected,review,2024-05-27,,experience_mismatch,2024-05-27T19:04:52Z,2026-05-31T23:59:59Z
APP-0000116,CAND-0000115,REQ-2024-00003,2024-05-22,job_board,rejected,review,2024-05-24,,experience_mismatch,2024-05-24T19:43:42Z,2026-05-31T23:59:59Z
APP-0000117,CAND-0000116,REQ-2024-00007,2024-05-22,career_site,rejected,screen,2024-06-01,,experience_mismatch,2024-06-01T12:52:08Z,2026-05-31T23:59:59Z
APP-0000118,CAND-0000117,REQ-2024-00007,2024-05-22,job_board,rejected,review,2024-05-27,,not_qualified,2024-05-27T09:49:29Z,2026-05-31T23:59:59Z
APP-0000119,CAND-0000118,REQ-2024-00007,2024-05-23,referral,rejected,assessment,2024-06-02,,assessment_failed,2024-06-02T11:20:31Z,2026-05-31T23:59:59Z
APP-0000120,CAND-0000119,REQ-2024-00007,2024-05-23,job_board,rejected,review,2024-05-26,,not_qualified,2024-05-26T08:38:48Z,2026-05-31T23:59:59Z
APP-0000121,CAND-0000120,REQ-2024-00003,2024-05-24,career_site,rejected,review,2024-06-01,,not_qualified,2024-06-01T09:29:50Z,2026-05-31T23:59:59Z
APP-0000122,CAND-0000121,REQ-2024-00007,2024-05-25,referral,withdrawn,screen,,2024-06-03,personal,2024-06-03T17:29:24Z,2026-05-31T23:59:59Z
APP-0000123,CAND-0000122,REQ-2024-00007,2024-05-27,career_site,rejected,review,2024-05-30,,not_qualified,2024-05-30T09:54:42Z,2026-05-31T23:59:59Z
APP-0000124,CAND-0000123,REQ-2024-00007,2024-05-27,referral,rejected,review,2024-05-30,,experience_mismatch,2024-05-30T08:00:01Z,2026-05-31T23:59:59Z
APP-0000125,CAND-0000124,REQ-2024-00007,2024-05-27,referral,rejected,interview,2024-06-12,,interview_feedback,2024-06-12T18:16:55Z,2026-05-31T23:59:59Z
APP-0000126,CAND-0000125,REQ-2024-00007,2024-05-27,career_site,withdrawn,screen,,2024-06-06,accepted_other_offer,2024-06-06T16:22:05Z,2026-05-31T23:59:59Z
APP-0000127,CAND-0000126,REQ-2024-00007,2024-05-28,linkedin,rejected,screen,2024-06-06,,experience_mismatch,2024-06-06T18:50:35Z,2026-05-31T23:59:59Z
APP-0000128,CAND-0000127,REQ-2024-00007,2024-05-30,job_board,rejected,review,2024-06-03,,not_qualified,2024-06-03T19:02:02Z,2026-05-31T23:59:59Z
APP-0000129,CAND-0000128,REQ-2024-00007,2024-05-31,career_site,rejected,review,2024-06-05,,not_qualified,2024-06-05T13:10:20Z,2026-05-31T23:59:59Z
APP-0000130,CAND-0000129,REQ-2024-00007,2024-05-31,linkedin,rejected,interview,2024-06-18,,interview_feedback,2024-06-18T10:51:05Z,2026-05-31T23:59:59Z
APP-0000131,CAND-0000130,REQ-2024-00007,2024-05-31,internal,rejected,screen,2024-06-03,,not_qualified,2024-06-03T14:37:03Z,2026-05-31T23:59:59Z
APP-0000132,CAND-0000131,REQ-2024-00007,2024-06-01,sourced,rejected,interview,2024-06-23,,interview_feedback,2024-06-23T15:08:37Z,2026-05-31T23:59:59Z
APP-0000133,CAND-0000132,REQ-2024-00007,2024-06-03,sourced,rejected,review,2024-06-11,,experience_mismatch,2024-06-11T17:56:51Z,2026-05-31T23:59:59Z
APP-0000134,CAND-0000133,REQ-2024-00007,2024-06-04,sourced,started,offer,,,,2024-07-29T10:40:00Z,2026-05-31T23:59:59Z
APP-0000135,CAND-0000134,REQ-2024-00007,2024-06-05,career_site,rejected,screen,2024-06-20,,experience_mismatch,2024-06-20T16:23:50Z,2026-05-31T23:59:59Z
APP-0000136,CAND-0000135,REQ-2024-00007,2024-06-06,referral,rejected,review,2024-06-08,,not_qualified,2024-06-08T09:01:32Z,2026-05-31T23:59:59Z
APP-0000137,CAND-0000136,REQ-2024-00007,2024-06-06,career_site,rejected,assessment,2024-06-17,,assessment_failed,2024-06-17T14:24:58Z,2026-05-31T23:59:59Z
APP-0000138,CAND-0000137,REQ-2024-00007,2024-06-07,linkedin,rejected,assessment,2024-06-22,,assessment_failed,2024-06-22T15:14:51Z,2026-05-31T23:59:59Z
APP-0000139,CAND-0000138,REQ-2024-00007,2024-06-08,career_site,withdrawn,assessment,,2024-06-24,no_response,2024-06-24T09:50:53Z,2026-05-31T23:59:59Z
APP-0000140,CAND-0000020,REQ-2024-00007,2024-06-09,linkedin,withdrawn,assessment,,2024-07-04,personal,2024-07-04T10:36:14Z,2026-05-31T23:59:59Z
APP-0000141,CAND-0000139,REQ-2024-00008,2024-06-11,career_site,rejected,interview,2024-07-08,,interview_feedback,2024-07-08T08:16:08Z,2026-05-31T23:59:59Z
APP-0000142,CAND-0000140,REQ-2024-00007,2024-06-13,referral,rejected,assessment,2024-07-04,,assessment_failed,2024-07-04T19:35:14Z,2026-05-31T23:59:59Z
APP-0000143,CAND-0000141,REQ-2024-00008,2024-06-13,referral,withdrawn,review,,2024-06-19,accepted_other_offer,2024-06-19T13:43:00Z,2026-05-31T23:59:59Z
APP-0000144,CAND-0000142,REQ-2024-00008,2024-06-13,referral,started,offer,,,,2024-09-02T19:40:55Z,2026-05-31T23:59:59Z
APP-0000145,CAND-0000143,REQ-2024-00008,2024-06-15,career_site,rejected,review,2024-06-19,,not_qualified,2024-06-19T18:40:17Z,2026-05-31T23:59:59Z
APP-0000146,CAND-0000144,REQ-2024-00007,2024-06-16,job_board,rejected,screen,2024-06-30,,experience_mismatch,2024-06-30T14:37:31Z,2026-05-31T23:59:59Z
APP-0000147,CAND-0000145,REQ-2024-00008,2024-06-17,career_site,rejected,review,2024-06-21,,experience_mismatch,2024-06-21T14:54:53Z,2026-05-31T23:59:59Z
APP-0000148,CAND-0000146,REQ-2024-00008,2024-06-19,linkedin,rejected,screen,2024-06-26,,not_qualified,2024-06-26T12:25:16Z,2026-05-31T23:59:59Z
APP-0000149,CAND-0000147,REQ-2024-00007,2024-06-20,job_board,rejected,screen,2024-07-03,,experience_mismatch,2024-07-03T17:38:02Z,2026-05-31T23:59:59Z
APP-0000150,CAND-0000148,REQ-2024-00008,2024-06-20,job_board,rejected,assessment,2024-07-03,,assessment_failed,2024-07-03T16:18:39Z,2026-05-31T23:59:59Z
APP-0000151,CAND-0000149,REQ-2024-00007,2024-06-21,linkedin,rejected,assessment,2024-07-02,,assessment_failed,2024-07-02T13:58:33Z,2026-05-31T23:59:59Z
APP-0000152,CAND-0000150,REQ-2024-00008,2024-06-22,internal,rejected,review,2024-07-05,,not_qualified,2024-07-05T11:02:11Z,2026-05-31T23:59:59Z
APP-0000153,CAND-0000151,REQ-2024-00008,2024-06-22,referral,rejected,review,2024-06-26,,experience_mismatch,2024-06-26T09:41:57Z,2026-05-31T23:59:59Z
APP-0000154,CAND-0000152,REQ-2024-00008,2024-06-22,agency,rejected,review,2024-06-25,,experience_mismatch,2024-06-25T08:23:34Z,2026-05-31T23:59:59Z
APP-0000155,CAND-0000153,REQ-2024-00007,2024-06-23,referral,withdrawn,screen,,2024-06-26,personal,2024-06-26T11:54:56Z,2026-05-31T23:59:59Z
APP-0000156,CAND-0000154,REQ-2024-00008,2024-06-24,linkedin,rejected,assessment,2024-07-08,,assessment_failed,2024-07-08T18:32:10Z,2026-05-31T23:59:59Z
APP-0000157,CAND-0000155,REQ-2024-00008,2024-06-27,career_site,rejected,interview,2024-08-09,,position_filled,2024-08-09T15:53:32Z,2026-05-31T23:59:59Z
APP-0000158,CAND-0000156,REQ-2024-00008,2024-06-30,career_site,rejected,review,2024-07-02,,experience_mismatch,2024-07-02T18:07:41Z,2026-05-31T23:59:59Z
APP-0000159,CAND-0000157,REQ-2024-00008,2024-07-01,job_board,rejected,interview,2024-08-09,,position_filled,2024-08-09T12:09:31Z,2026-05-31T23:59:59Z
APP-0000160,CAND-0000158,REQ-2024-00008,2024-07-02,linkedin,rejected,review,2024-07-10,,not_qualified,2024-07-10T11:48:44Z,2026-05-31T23:59:59Z
APP-0000161,CAND-0000159,REQ-2024-00008,2024-07-18,job_board,rejected,review,2024-07-21,,not_qualified,2024-07-21T14:36:58Z,2026-05-31T23:59:59Z
APP-0000162,CAND-0000160,REQ-2024-00009,2024-08-05,linkedin,rejected,review,2024-08-08,,not_qualified,2024-08-08T16:17:52Z,2026-05-31T23:59:59Z
APP-0000163,CAND-0000161,REQ-2024-00009,2024-08-06,job_board,rejected,interview,2024-09-02,,interview_feedback,2024-09-02T18:45:58Z,2026-05-31T23:59:59Z
APP-0000164,CAND-0000162,REQ-2024-00009,2024-08-09,career_site,withdrawn,review,,2024-08-11,personal,2024-08-11T15:21:41Z,2026-05-31T23:59:59Z
APP-0000165,CAND-0000163,REQ-2024-00009,2024-08-13,sourced,rejected,review,2024-08-16,,experience_mismatch,2024-08-16T14:55:15Z,2026-05-31T23:59:59Z
APP-0000166,CAND-0000164,REQ-2024-00009,2024-08-15,career_site,started,offer,,,,2024-10-14T19:02:01Z,2026-05-31T23:59:59Z
APP-0000167,CAND-0000165,REQ-2024-00009,2024-08-17,linkedin,rejected,review,2024-08-21,,experience_mismatch,2024-08-21T08:13:51Z,2026-05-31T23:59:59Z
APP-0000168,CAND-0000166,REQ-2024-00009,2024-08-20,internal,rejected,assessment,2024-09-08,,assessment_failed,2024-09-08T14:00:14Z,2026-05-31T23:59:59Z
APP-0000169,CAND-0000167,REQ-2024-00009,2024-08-21,linkedin,rejected,review,2024-08-22,,not_qualified,2024-08-22T12:41:28Z,2026-05-31T23:59:59Z
APP-0000170,CAND-0000168,REQ-2024-00009,2024-08-21,sourced,rejected,review,2024-08-26,,experience_mismatch,2024-08-26T10:36:13Z,2026-05-31T23:59:59Z
APP-0000171,CAND-0000169,REQ-2024-00009,2024-08-25,internal,withdrawn,screen,,2024-08-31,no_response,2024-08-31T16:19:23Z,2026-05-31T23:59:59Z
APP-0000172,CAND-0000170,REQ-2024-00009,2024-08-27,job_board,rejected,screen,2024-09-04,,not_qualified,2024-09-04T17:21:53Z,2026-05-31T23:59:59Z
APP-0000173,CAND-0000171,REQ-2024-00009,2024-08-30,career_site,rejected,review,2024-09-06,,not_qualified,2024-09-06T18:12:55Z,2026-05-31T23:59:59Z
APP-0000174,CAND-0000172,REQ-2024-00009,2024-08-30,career_site,rejected,screen,2024-09-04,,experience_mismatch,2024-09-04T09:09:24Z,2026-05-31T23:59:59Z
APP-0000175,CAND-0000173,REQ-2024-00009,2024-09-03,referral,rejected,screen,2024-09-15,,position_filled,2024-09-15T16:09:54Z,2026-05-31T23:59:59Z
APP-0000176,CAND-0000174,REQ-2024-00009,2024-09-04,job_board,rejected,screen,2024-09-15,,not_qualified,2024-09-15T08:33:44Z,2026-05-31T23:59:59Z
APP-0000177,CAND-0000175,REQ-2024-00009,2024-09-12,career_site,rejected,review,2024-09-15,,position_filled,2024-09-15T12:40:30Z,2026-05-31T23:59:59Z
APP-0000178,CAND-0000176,REQ-2024-00010,2024-10-24,linkedin,rejected,interview,2024-11-21,,interview_feedback,2024-11-21T13:20:47Z,2026-05-31T23:59:59Z
APP-0000179,CAND-0000177,REQ-2024-00010,2024-10-29,referral,rejected,screen,2024-11-12,,not_qualified,2024-11-12T12:29:45Z,2026-05-31T23:59:59Z
APP-0000180,CAND-0000178,REQ-2024-00010,2024-10-30,linkedin,rejected,review,2024-11-10,,not_qualified,2024-11-10T10:47:46Z,2026-05-31T23:59:59Z
APP-0000181,CAND-0000179,REQ-2024-00010,2024-10-30,job_board,rejected,review,2024-11-08,,not_qualified,2024-11-08T10:11:16Z,2026-05-31T23:59:59Z
APP-0000182,CAND-0000180,REQ-2024-00010,2024-11-01,sourced,rejected,review,2024-11-10,,experience_mismatch,2024-11-10T15:24:46Z,2026-05-31T23:59:59Z
APP-0000183,CAND-0000181,REQ-2024-00010,2024-11-01,agency,withdrawn,review,,2024-11-05,no_response,2024-11-05T08:38:00Z,2026-05-31T23:59:59Z
APP-0000184,CAND-0000182,REQ-2024-00010,2024-11-02,job_board,rejected,assessment,2024-11-26,,requisition_cancelled,2024-11-26T08:50:19Z,2026-05-31T23:59:59Z
APP-0000185,CAND-0000183,REQ-2024-00010,2024-11-05,linkedin,rejected,review,2024-11-11,,experience_mismatch,2024-11-11T14:52:13Z,2026-05-31T23:59:59Z
APP-0000186,CAND-0000184,REQ-2024-00010,2024-11-11,career_site,rejected,review,2024-11-17,,experience_mismatch,2024-11-17T11:20:07Z,2026-05-31T23:59:59Z
APP-0000187,CAND-0000185,REQ-2024-00011,2024-11-12,sourced,rejected,assessment,2024-11-26,,assessment_failed,2024-11-26T15:45:53Z,2026-05-31T23:59:59Z
APP-0000188,CAND-0000186,REQ-2024-00011,2024-11-14,linkedin,rejected,assessment,2024-12-03,,assessment_failed,2024-12-03T08:15:28Z,2026-05-31T23:59:59Z
APP-0000189,CAND-0000187,REQ-2024-00011,2024-11-17,career_site,started,offer,,,,2025-01-27T11:47:02Z,2026-05-31T23:59:59Z
APP-0000190,CAND-0000188,REQ-2024-00010,2024-11-23,career_site,rejected,review,2024-11-26,,requisition_cancelled,2024-11-26T14:11:31Z,2026-05-31T23:59:59Z
APP-0000191,CAND-0000189,REQ-2024-00011,2024-11-23,linkedin,withdrawn,review,,2024-11-26,personal,2024-11-26T12:45:57Z,2026-05-31T23:59:59Z
APP-0000192,CAND-0000190,REQ-2024-00011,2024-11-23,internal,rejected,review,2024-12-02,,not_qualified,2024-12-02T11:04:31Z,2026-05-31T23:59:59Z
APP-0000193,CAND-0000191,REQ-2024-00011,2024-11-30,referral,rejected,interview,2024-12-18,,interview_feedback,2024-12-18T08:00:41Z,2026-05-31T23:59:59Z
APP-0000194,CAND-0000192,REQ-2024-00011,2024-12-09,linkedin,withdrawn,screen,,2024-12-23,location,2024-12-23T18:25:14Z,2026-05-31T23:59:59Z
APP-0000195,CAND-0000193,REQ-2024-00012,2024-12-10,job_board,rejected,review,2024-12-13,,not_qualified,2024-12-13T17:48:12Z,2026-05-31T23:59:59Z
APP-0000196,CAND-0000194,REQ-2024-00012,2024-12-16,job_board,rejected,review,2024-12-20,,experience_mismatch,2024-12-20T18:38:30Z,2026-05-31T23:59:59Z
APP-0000197,CAND-0000195,REQ-2024-00012,2024-12-20,career_site,rejected,review,2024-12-30,,experience_mismatch,2024-12-30T08:57:20Z,2026-05-31T23:59:59Z
APP-0000198,CAND-0000196,REQ-2024-00012,2024-12-20,job_board,rejected,review,2024-12-24,,experience_mismatch,2024-12-24T16:33:37Z,2026-05-31T23:59:59Z
APP-0000199,CAND-0000197,REQ-2024-00012,2024-12-20,job_board,rejected,screen,2025-01-02,,not_qualified,2025-01-02T09:43:19Z,2026-05-31T23:59:59Z
APP-0000200,CAND-0000198,REQ-2024-00012,2024-12-21,career_site,withdrawn,assessment,,2025-01-09,location,2025-01-09T19:04:35Z,2026-05-31T23:59:59Z
APP-0000201,CAND-0000199,REQ-2024-00012,2024-12-21,linkedin,rejected,assessment,2025-01-14,,assessment_failed,2025-01-14T09:18:13Z,2026-05-31T23:59:59Z
APP-0000202,CAND-0000200,REQ-2024-00012,2024-12-21,career_site,withdrawn,screen,,2024-12-29,personal,2024-12-29T11:24:31Z,2026-05-31T23:59:59Z
APP-0000203,CAND-0000201,REQ-2024-00012,2024-12-24,internal,rejected,review,2024-12-28,,experience_mismatch,2024-12-28T08:26:33Z,2026-05-31T23:59:59Z
APP-0000204,CAND-0000202,REQ-2024-00012,2024-12-26,linkedin,started,offer,,,,2025-03-03T13:34:18Z,2026-05-31T23:59:59Z
APP-0000205,CAND-0000082,REQ-2024-00012,2024-12-29,career_site,rejected,interview,2025-02-13,,position_filled,2025-02-13T13:12:44Z,2026-05-31T23:59:59Z
APP-0000206,CAND-0000203,REQ-2024-00012,2025-01-02,career_site,rejected,assessment,2025-01-25,,assessment_failed,2025-01-25T11:12:54Z,2026-05-31T23:59:59Z
APP-0000207,CAND-0000204,REQ-2024-00012,2025-01-20,sourced,withdrawn,screen,,2025-02-08,personal,2025-02-08T18:17:04Z,2026-05-31T23:59:59Z
APP-0000208,CAND-0000205,REQ-2024-00012,2025-01-23,job_board,rejected,interview,2025-02-13,,position_filled,2025-02-13T08:26:25Z,2026-05-31T23:59:59Z
APP-0000209,CAND-0000206,REQ-2024-00012,2025-01-23,job_board,rejected,review,2025-02-01,,experience_mismatch,2025-02-01T15:56:23Z,2026-05-31T23:59:59Z
APP-0000210,CAND-0000207,REQ-2024-00012,2025-01-23,sourced,withdrawn,screen,,2025-02-01,no_response,2025-02-01T17:41:22Z,2026-05-31T23:59:59Z
APP-0000211,CAND-0000208,REQ-2024-00012,2025-01-25,career_site,rejected,assessment,2025-02-08,,assessment_failed,2025-02-08T17:00:04Z,2026-05-31T23:59:59Z
APP-0000212,CAND-0000209,REQ-2024-00012,2025-01-26,linkedin,rejected,review,2025-02-05,,experience_mismatch,2025-02-05T17:28:14Z,2026-05-31T23:59:59Z
APP-0000213,CAND-0000210,REQ-2024-00012,2025-01-26,internal,rejected,review,2025-02-07,,experience_mismatch,2025-02-07T19:03:20Z,2026-05-31T23:59:59Z
APP-0000214,CAND-0000211,REQ-2024-00012,2025-02-03,job_board,withdrawn,screen,,2025-02-13,personal,2025-02-13T12:38:51Z,2026-05-31T23:59:59Z
APP-0000215,CAND-0000212,REQ-2025-00001,2025-02-16,job_board,rejected,review,2025-02-19,,not_qualified,2025-02-19T13:54:21Z,2026-05-31T23:59:59Z
APP-0000216,CAND-0000001,REQ-2025-00001,2025-02-18,job_board,rejected,screen,2025-02-22,,experience_mismatch,2025-02-22T12:16:55Z,2026-05-31T23:59:59Z
APP-0000217,CAND-0000213,REQ-2025-00002,2025-02-18,referral,withdrawn,screen,,2025-02-26,no_response,2025-02-26T16:26:09Z,2026-05-31T23:59:59Z
APP-0000218,CAND-0000214,REQ-2025-00002,2025-02-19,career_site,rejected,review,2025-02-21,,not_qualified,2025-02-21T14:08:48Z,2026-05-31T23:59:59Z
APP-0000219,CAND-0000215,REQ-2025-00002,2025-02-21,career_site,rejected,assessment,2025-03-06,,assessment_failed,2025-03-06T16:16:38Z,2026-05-31T23:59:59Z
APP-0000220,CAND-0000216,REQ-2025-00002,2025-02-22,job_board,rejected,review,2025-02-24,,not_qualified,2025-02-24T14:57:05Z,2026-05-31T23:59:59Z
APP-0000221,CAND-0000217,REQ-2025-00002,2025-02-22,job_board,withdrawn,review,,2025-03-01,no_response,2025-03-01T16:47:19Z,2026-05-31T23:59:59Z
APP-0000222,CAND-0000218,REQ-2025-00001,2025-02-25,career_site,rejected,screen,2025-03-01,,not_qualified,2025-03-01T15:03:09Z,2026-05-31T23:59:59Z
APP-0000223,CAND-0000219,REQ-2025-00001,2025-02-27,career_site,rejected,assessment,2025-03-15,,assessment_failed,2025-03-15T13:57:15Z,2026-05-31T23:59:59Z
APP-0000224,CAND-0000220,REQ-2025-00001,2025-02-27,career_site,withdrawn,review,,2025-03-05,compensation_expectations,2025-03-05T18:14:48Z,2026-05-31T23:59:59Z
APP-0000225,CAND-0000221,REQ-2025-00002,2025-02-27,linkedin,rejected,review,2025-03-01,,experience_mismatch,2025-03-01T15:31:26Z,2026-05-31T23:59:59Z
APP-0000226,CAND-0000192,REQ-2025-00001,2025-03-01,career_site,rejected,screen,2025-03-11,,experience_mismatch,2025-03-11T15:53:24Z,2026-05-31T23:59:59Z
APP-0000227,CAND-0000222,REQ-2025-00001,2025-03-01,career_site,rejected,review,2025-03-03,,not_qualified,2025-03-03T14:48:02Z,2026-05-31T23:59:59Z
APP-0000228,CAND-0000223,REQ-2025-00002,2025-03-01,career_site,rejected,review,2025-03-08,,not_qualified,2025-03-08T17:01:39Z,2026-05-31T23:59:59Z
APP-0000229,CAND-0000224,REQ-2025-00001,2025-03-02,referral,withdrawn,review,,2025-03-04,accepted_other_offer,2025-03-04T11:47:49Z,2026-05-31T23:59:59Z
APP-0000230,CAND-0000225,REQ-2025-00001,2025-03-03,career_site,rejected,review,2025-03-09,,not_qualified,2025-03-09T11:10:56Z,2026-05-31T23:59:59Z
APP-0000231,CAND-0000226,REQ-2025-00002,2025-03-03,career_site,rejected,review,2025-03-12,,not_qualified,2025-03-12T15:57:10Z,2026-05-31T23:59:59Z
APP-0000232,CAND-0000227,REQ-2025-00002,2025-03-04,career_site,rejected,review,2025-03-15,,not_qualified,2025-03-15T14:11:56Z,2026-05-31T23:59:59Z
APP-0000233,CAND-0000228,REQ-2025-00001,2025-03-07,job_board,candidate_renege,offer,,,,2025-04-07T08:34:02Z,2026-05-31T23:59:59Z
APP-0000234,CAND-0000229,REQ-2025-00002,2025-03-07,linkedin,rejected,interview,2025-04-03,,interview_feedback,2025-04-03T14:56:25Z,2026-05-31T23:59:59Z
APP-0000235,CAND-0000230,REQ-2025-00001,2025-03-08,agency,rejected,review,2025-03-10,,not_qualified,2025-03-10T19:41:03Z,2026-05-31T23:59:59Z
APP-0000236,CAND-0000231,REQ-2025-00001,2025-03-11,career_site,rejected,assessment,2025-03-21,,assessment_failed,2025-03-21T10:02:29Z,2026-05-31T23:59:59Z
APP-0000237,CAND-0000232,REQ-2025-00001,2025-03-11,career_site,rejected,interview,2025-04-01,,interview_feedback,2025-04-01T08:57:07Z,2026-05-31T23:59:59Z
APP-0000238,CAND-0000233,REQ-2025-00002,2025-03-11,referral,rejected,review,2025-03-20,,experience_mismatch,2025-03-20T17:37:54Z,2026-05-31T23:59:59Z
APP-0000239,CAND-0000234,REQ-2025-00001,2025-03-13,linkedin,withdrawn,assessment,,2025-03-21,compensation_expectations,2025-03-21T16:09:08Z,2026-05-31T23:59:59Z
APP-0000240,CAND-0000235,REQ-2025-00002,2025-03-15,career_site,rejected,interview,2025-04-19,,interview_feedback,2025-04-19T15:45:11Z,2026-05-31T23:59:59Z
APP-0000241,CAND-0000236,REQ-2025-00002,2025-03-15,referral,rejected,review,2025-03-21,,experience_mismatch,2025-03-21T11:10:09Z,2026-05-31T23:59:59Z
APP-0000242,CAND-0000237,REQ-2025-00001,2025-03-16,linkedin,rejected,review,2025-03-18,,experience_mismatch,2025-03-18T12:45:31Z,2026-05-31T23:59:59Z
APP-0000243,CAND-0000238,REQ-2025-00001,2025-03-17,linkedin,rejected,interview,2025-04-03,,interview_feedback,2025-04-03T16:36:13Z,2026-05-31T23:59:59Z
APP-0000244,CAND-0000196,REQ-2025-00002,2025-03-25,career_site,rejected,review,2025-03-28,,experience_mismatch,2025-03-28T12:11:10Z,2026-05-31T23:59:59Z
APP-0000245,CAND-0000239,REQ-2025-00002,2025-03-26,linkedin,rejected,review,2025-04-05,,experience_mismatch,2025-04-05T16:20:24Z,2026-05-31T23:59:59Z
APP-0000246,CAND-0000240,REQ-2025-00003,2025-04-08,job_board,rejected,review,2025-04-12,,not_qualified,2025-04-12T14:34:26Z,2026-05-31T23:59:59Z
APP-0000247,CAND-0000241,REQ-2025-00003,2025-04-09,job_board,rejected,review,2025-04-12,,not_qualified,2025-04-12T17:07:48Z,2026-05-31T23:59:59Z
APP-0000248,CAND-0000242,REQ-2025-00003,2025-04-10,linkedin,withdrawn,review,,2025-04-12,accepted_other_offer,2025-04-12T16:10:29Z,2026-05-31T23:59:59Z
APP-0000249,CAND-0000243,REQ-2025-00003,2025-04-10,career_site,rejected,screen,2025-04-18,,not_qualified,2025-04-18T19:27:31Z,2026-05-31T23:59:59Z
APP-0000250,CAND-0000244,REQ-2025-00003,2025-04-10,referral,rejected,assessment,2025-04-26,,assessment_failed,2025-04-26T10:57:10Z,2026-05-31T23:59:59Z
APP-0000251,CAND-0000245,REQ-2025-00003,2025-04-10,linkedin,rejected,review,2025-04-13,,experience_mismatch,2025-04-13T15:27:12Z,2026-05-31T23:59:59Z
APP-0000252,CAND-0000246,REQ-2025-00003,2025-04-10,career_site,rejected,review,2025-04-13,,not_qualified,2025-04-13T10:14:02Z,2026-05-31T23:59:59Z
APP-0000253,CAND-0000247,REQ-2025-00002,2025-04-11,sourced,rejected,assessment,2025-04-21,,assessment_failed,2025-04-21T18:37:48Z,2026-05-31T23:59:59Z
APP-0000254,CAND-0000248,REQ-2025-00003,2025-04-12,referral,rejected,review,2025-04-14,,experience_mismatch,2025-04-14T14:23:27Z,2026-05-31T23:59:59Z
APP-0000255,CAND-0000249,REQ-2025-00003,2025-04-12,job_board,rejected,assessment,2025-04-28,,assessment_failed,2025-04-28T08:09:45Z,2026-05-31T23:59:59Z
APP-0000256,CAND-0000250,REQ-2025-00003,2025-04-12,career_site,rejected,interview,2025-05-11,,interview_feedback,2025-05-11T12:30:43Z,2026-05-31T23:59:59Z
APP-0000257,CAND-0000251,REQ-2025-00003,2025-04-13,career_site,rejected,interview,2025-05-07,,interview_feedback,2025-05-07T12:09:09Z,2026-05-31T23:59:59Z
APP-0000258,CAND-0000195,REQ-2025-00003,2025-04-13,career_site,rejected,review,2025-04-14,,not_qualified,2025-04-14T13:00:36Z,2026-05-31T23:59:59Z
APP-0000259,CAND-0000252,REQ-2025-00003,2025-04-14,referral,rejected,review,2025-04-15,,experience_mismatch,2025-04-15T10:55:30Z,2026-05-31T23:59:59Z
APP-0000260,CAND-0000253,REQ-2025-00003,2025-04-14,job_board,rejected,review,2025-04-18,,experience_mismatch,2025-04-18T16:41:41Z,2026-05-31T23:59:59Z
APP-0000261,CAND-0000254,REQ-2025-00003,2025-04-14,job_board,rejected,assessment,2025-04-30,,assessment_failed,2025-04-30T17:12:51Z,2026-05-31T23:59:59Z
APP-0000262,CAND-0000255,REQ-2025-00003,2025-04-14,internal,rejected,screen,2025-04-21,,experience_mismatch,2025-04-21T09:10:01Z,2026-05-31T23:59:59Z
APP-0000263,CAND-0000256,REQ-2025-00003,2025-04-14,linkedin,rejected,interview,2025-04-28,,interview_feedback,2025-04-28T09:23:11Z,2026-05-31T23:59:59Z
APP-0000264,CAND-0000257,REQ-2025-00003,2025-04-15,career_site,rejected,interview,2025-05-02,,interview_feedback,2025-05-02T15:01:48Z,2026-05-31T23:59:59Z
APP-0000265,CAND-0000258,REQ-2025-00003,2025-04-15,career_site,rejected,screen,2025-04-28,,experience_mismatch,2025-04-28T16:51:22Z,2026-05-31T23:59:59Z
APP-0000266,CAND-0000259,REQ-2025-00001,2025-04-16,internal,rejected,review,2025-04-21,,not_qualified,2025-04-21T11:14:56Z,2026-05-31T23:59:59Z
APP-0000267,CAND-0000260,REQ-2025-00002,2025-04-16,career_site,rejected,review,2025-04-18,,experience_mismatch,2025-04-18T17:36:38Z,2026-05-31T23:59:59Z
APP-0000268,CAND-0000261,REQ-2025-00003,2025-04-16,linkedin,rejected,assessment,2025-04-24,,assessment_failed,2025-04-24T17:49:43Z,2026-05-31T23:59:59Z
APP-0000269,CAND-0000262,REQ-2025-00003,2025-04-16,job_board,started,offer,,,,2025-06-23T13:52:33Z,2026-05-31T23:59:59Z
APP-0000270,CAND-0000263,REQ-2025-00001,2025-04-17,sourced,rejected,assessment,2025-04-30,,assessment_failed,2025-04-30T09:30:44Z,2026-05-31T23:59:59Z
APP-0000271,CAND-0000264,REQ-2025-00001,2025-04-17,sourced,rejected,review,2025-04-21,,not_qualified,2025-04-21T12:57:54Z,2026-05-31T23:59:59Z
APP-0000272,CAND-0000265,REQ-2025-00003,2025-04-17,linkedin,rejected,review,2025-04-23,,experience_mismatch,2025-04-23T11:43:36Z,2026-05-31T23:59:59Z
APP-0000273,CAND-0000031,REQ-2025-00003,2025-04-17,agency,rejected,interview,2025-05-01,,interview_feedback,2025-05-01T19:24:46Z,2026-05-31T23:59:59Z
APP-0000274,CAND-0000266,REQ-2025-00003,2025-04-18,linkedin,rejected,review,2025-04-21,,experience_mismatch,2025-04-21T14:51:09Z,2026-05-31T23:59:59Z
APP-0000275,CAND-0000267,REQ-2025-00003,2025-04-18,referral,rejected,assessment,2025-05-08,,assessment_failed,2025-05-08T12:08:43Z,2026-05-31T23:59:59Z
APP-0000276,CAND-0000268,REQ-2025-00001,2025-04-19,sourced,started,offer,,,,2025-06-09T14:16:17Z,2026-05-31T23:59:59Z
APP-0000277,CAND-0000269,REQ-2025-00003,2025-04-19,career_site,rejected,review,2025-04-22,,not_qualified,2025-04-22T08:37:59Z,2026-05-31T23:59:59Z
APP-0000278,CAND-0000270,REQ-2025-00003,2025-04-19,career_site,rejected,review,2025-04-22,,experience_mismatch,2025-04-22T09:33:42Z,2026-05-31T23:59:59Z
APP-0000279,CAND-0000271,REQ-2025-00001,2025-04-20,job_board,offer_withdrawn,offer,,,,2025-05-08T09:21:36Z,2026-05-31T23:59:59Z
APP-0000280,CAND-0000272,REQ-2025-00003,2025-04-20,career_site,rejected,review,2025-04-21,,experience_mismatch,2025-04-21T17:52:11Z,2026-05-31T23:59:59Z
APP-0000281,CAND-0000273,REQ-2025-00003,2025-04-21,internal,rejected,screen,2025-04-26,,experience_mismatch,2025-04-26T11:44:29Z,2026-05-31T23:59:59Z
APP-0000282,CAND-0000274,REQ-2025-00003,2025-04-22,job_board,withdrawn,assessment,,2025-05-07,compensation_expectations,2025-05-07T19:13:43Z,2026-05-31T23:59:59Z
APP-0000283,CAND-0000275,REQ-2025-00003,2025-04-22,job_board,rejected,review,2025-04-27,,not_qualified,2025-04-27T13:26:09Z,2026-05-31T23:59:59Z
APP-0000284,CAND-0000276,REQ-2025-00003,2025-04-22,sourced,withdrawn,review,,2025-04-25,location,2025-04-25T13:07:30Z,2026-05-31T23:59:59Z
APP-0000285,CAND-0000277,REQ-2025-00003,2025-04-22,career_site,started,offer,,,,2025-06-09T15:35:32Z,2026-05-31T23:59:59Z
APP-0000286,CAND-0000009,REQ-2025-00003,2025-04-23,job_board,rejected,screen,2025-05-01,,not_qualified,2025-05-01T14:20:46Z,2026-05-31T23:59:59Z
APP-0000287,CAND-0000278,REQ-2025-00003,2025-04-23,job_board,rejected,interview,2025-05-05,,interview_feedback,2025-05-05T17:46:16Z,2026-05-31T23:59:59Z
APP-0000288,CAND-0000279,REQ-2025-00003,2025-04-23,linkedin,rejected,review,2025-04-27,,not_qualified,2025-04-27T11:39:37Z,2026-05-31T23:59:59Z
APP-0000289,CAND-0000117,REQ-2025-00003,2025-04-24,job_board,withdrawn,review,,2025-04-28,personal,2025-04-28T09:59:11Z,2026-05-31T23:59:59Z
APP-0000290,CAND-0000280,REQ-2025-00003,2025-04-25,linkedin,rejected,review,2025-04-29,,experience_mismatch,2025-04-29T10:45:30Z,2026-05-31T23:59:59Z
APP-0000291,CAND-0000281,REQ-2025-00003,2025-04-26,career_site,rejected,review,2025-05-02,,not_qualified,2025-05-02T12:53:48Z,2026-05-31T23:59:59Z
APP-0000292,CAND-0000282,REQ-2025-00003,2025-04-28,sourced,offer_withdrawn,offer,,,,2025-05-24T08:55:02Z,2026-05-31T23:59:59Z
APP-0000293,CAND-0000283,REQ-2025-00003,2025-04-28,job_board,rejected,assessment,2025-05-11,,assessment_failed,2025-05-11T18:51:28Z,2026-05-31T23:59:59Z
APP-0000294,CAND-0000284,REQ-2025-00003,2025-04-29,job_board,rejected,review,2025-05-01,,experience_mismatch,2025-05-01T12:12:03Z,2026-05-31T23:59:59Z
APP-0000295,CAND-0000285,REQ-2025-00003,2025-04-29,internal,rejected,review,2025-05-03,,not_qualified,2025-05-03T17:06:13Z,2026-05-31T23:59:59Z
APP-0000296,CAND-0000286,REQ-2025-00003,2025-04-29,career_site,rejected,assessment,2025-05-08,,assessment_failed,2025-05-08T15:40:47Z,2026-05-31T23:59:59Z
APP-0000297,CAND-0000287,REQ-2025-00003,2025-04-29,linkedin,started,offer,,,,2025-06-16T17:00:25Z,2026-05-31T23:59:59Z
APP-0000298,CAND-0000288,REQ-2025-00003,2025-04-30,linkedin,rejected,review,2025-05-02,,not_qualified,2025-05-02T11:05:28Z,2026-05-31T23:59:59Z
APP-0000299,CAND-0000289,REQ-2025-00003,2025-04-30,job_board,rejected,review,2025-05-02,,not_qualified,2025-05-02T16:51:58Z,2026-05-31T23:59:59Z
APP-0000300,CAND-0000249,REQ-2025-00002,2025-05-01,job_board,rejected,screen,2025-05-14,,experience_mismatch,2025-05-14T09:31:32Z,2026-05-31T23:59:59Z
APP-0000301,CAND-0000290,REQ-2025-00003,2025-05-01,sourced,withdrawn,review,,2025-05-03,accepted_other_offer,2025-05-03T11:20:02Z,2026-05-31T23:59:59Z
APP-0000302,CAND-0000291,REQ-2025-00003,2025-05-02,linkedin,rejected,assessment,2025-05-07,,assessment_failed,2025-05-07T13:00:08Z,2026-05-31T23:59:59Z
APP-0000303,CAND-0000292,REQ-2025-00003,2025-05-02,agency,rejected,interview,2025-05-25,,interview_feedback,2025-05-25T17:05:18Z,2026-05-31T23:59:59Z
APP-0000304,CAND-0000293,REQ-2025-00003,2025-05-02,career_site,rejected,assessment,2025-05-15,,assessment_failed,2025-05-15T08:03:57Z,2026-05-31T23:59:59Z
APP-0000305,CAND-0000294,REQ-2025-00001,2025-05-03,agency,rejected,screen,2025-05-06,,not_qualified,2025-05-06T12:39:23Z,2026-05-31T23:59:59Z
APP-0000306,CAND-0000295,REQ-2025-00003,2025-05-03,job_board,rejected,review,2025-05-04,,experience_mismatch,2025-05-04T11:03:29Z,2026-05-31T23:59:59Z
APP-0000307,CAND-0000296,REQ-2025-00003,2025-05-04,linkedin,rejected,screen,2025-05-14,,experience_mismatch,2025-05-14T18:32:55Z,2026-05-31T23:59:59Z
APP-0000308,CAND-0000297,REQ-2025-00003,2025-05-04,career_site,started,offer,,,,2025-06-09T16:02:14Z,2026-05-31T23:59:59Z
APP-0000309,CAND-0000298,REQ-2025-00003,2025-05-06,referral,rejected,review,2025-05-10,,experience_mismatch,2025-05-10T09:29:52Z,2026-05-31T23:59:59Z
APP-0000310,CAND-0000299,REQ-2025-00003,2025-05-07,job_board,rejected,assessment,2025-05-17,,assessment_failed,2025-05-17T19:43:49Z,2026-05-31T23:59:59Z
APP-0000311,CAND-0000300,REQ-2025-00002,2025-05-08,linkedin,withdrawn,review,,2025-05-09,accepted_other_offer,2025-05-09T19:26:27Z,2026-05-31T23:59:59Z
APP-0000312,CAND-0000301,REQ-2025-00003,2025-05-08,referral,rejected,review,2025-05-12,,experience_mismatch,2025-05-12T14:07:21Z,2026-05-31T23:59:59Z
APP-0000313,CAND-0000302,REQ-2025-00003,2025-05-10,agency,withdrawn,review,,2025-05-14,no_response,2025-05-14T08:38:39Z,2026-05-31T23:59:59Z
APP-0000314,CAND-0000303,REQ-2025-00003,2025-05-11,linkedin,withdrawn,screen,,2025-05-17,compensation_expectations,2025-05-17T12:05:00Z,2026-05-31T23:59:59Z
APP-0000315,CAND-0000304,REQ-2025-00003,2025-05-11,career_site,rejected,review,2025-05-28,,position_filled,2025-05-28T08:24:26Z,2026-05-31T23:59:59Z
APP-0000316,CAND-0000305,REQ-2025-00003,2025-05-11,referral,withdrawn,review,,2025-05-16,location,2025-05-16T12:32:00Z,2026-05-31T23:59:59Z
APP-0000317,CAND-0000306,REQ-2025-00003,2025-05-14,sourced,rejected,screen,2025-05-20,,not_qualified,2025-05-20T16:17:26Z,2026-05-31T23:59:59Z
APP-0000318,CAND-0000307,REQ-2025-00003,2025-05-15,referral,withdrawn,review,,2025-05-21,accepted_other_offer,2025-05-21T19:41:59Z,2026-05-31T23:59:59Z
APP-0000319,CAND-0000308,REQ-2025-00003,2025-05-19,referral,rejected,review,2025-05-22,,not_qualified,2025-05-22T11:52:49Z,2026-05-31T23:59:59Z
APP-0000320,CAND-0000309,REQ-2025-00003,2025-05-19,linkedin,rejected,review,2025-05-21,,not_qualified,2025-05-21T16:51:02Z,2026-05-31T23:59:59Z
APP-0000321,CAND-0000310,REQ-2025-00002,2025-06-05,sourced,rejected,review,2025-06-09,,not_qualified,2025-06-09T13:44:00Z,2026-05-31T23:59:59Z
APP-0000322,CAND-0000311,REQ-2025-00002,2025-06-08,job_board,rejected,screen,2025-06-16,,experience_mismatch,2025-06-16T17:46:02Z,2026-05-31T23:59:59Z
APP-0000323,CAND-0000312,REQ-2025-00002,2025-06-12,agency,withdrawn,review,,2025-06-18,accepted_other_offer,2025-06-18T16:15:08Z,2026-05-31T23:59:59Z
APP-0000324,CAND-0000313,REQ-2025-00002,2025-06-14,career_site,withdrawn,interview,,2025-07-05,personal,2025-07-05T18:23:43Z,2026-05-31T23:59:59Z
APP-0000325,CAND-0000314,REQ-2025-00002,2025-06-23,linkedin,started,offer,,,,2025-09-01T16:05:13Z,2026-05-31T23:59:59Z
APP-0000326,CAND-0000315,REQ-2025-00002,2025-06-26,job_board,rejected,screen,2025-07-05,,not_qualified,2025-07-05T10:38:59Z,2026-05-31T23:59:59Z
APP-0000327,CAND-0000316,REQ-2025-00002,2025-07-11,sourced,rejected,assessment,2025-07-24,,position_filled,2025-07-24T14:30:45Z,2026-05-31T23:59:59Z
APP-0000328,CAND-0000317,REQ-2025-00004,2025-07-17,job_board,rejected,review,2025-07-20,,not_qualified,2025-07-20T10:26:12Z,2026-05-31T23:59:59Z
APP-0000329,CAND-0000318,REQ-2025-00005,2025-07-20,career_site,rejected,screen,2025-07-27,,experience_mismatch,2025-07-27T13:54:26Z,2026-05-31T23:59:59Z
APP-0000330,CAND-0000319,REQ-2025-00005,2025-07-22,linkedin,rejected,review,2025-07-26,,experience_mismatch,2025-07-26T08:08:23Z,2026-05-31T23:59:59Z
APP-0000331,CAND-0000320,REQ-2025-00005,2025-07-23,linkedin,rejected,interview,2025-08-15,,interview_feedback,2025-08-15T17:50:25Z,2026-05-31T23:59:59Z
APP-0000332,CAND-0000321,REQ-2025-00005,2025-07-24,referral,rejected,review,2025-07-27,,not_qualified,2025-07-27T16:30:19Z,2026-05-31T23:59:59Z
APP-0000333,CAND-0000322,REQ-2025-00005,2025-07-28,career_site,started,offer,,,,2025-09-22T11:16:29Z,2026-05-31T23:59:59Z
APP-0000334,CAND-0000323,REQ-2025-00004,2025-07-29,career_site,rejected,review,2025-08-01,,not_qualified,2025-08-01T15:29:50Z,2026-05-31T23:59:59Z
APP-0000335,CAND-0000324,REQ-2025-00005,2025-07-29,sourced,rejected,review,2025-08-01,,experience_mismatch,2025-08-01T19:50:16Z,2026-05-31T23:59:59Z
APP-0000336,CAND-0000325,REQ-2025-00005,2025-07-31,career_site,rejected,review,2025-08-02,,experience_mismatch,2025-08-02T09:44:34Z,2026-05-31T23:59:59Z
APP-0000337,CAND-0000326,REQ-2025-00004,2025-08-04,referral,rejected,review,2025-08-09,,experience_mismatch,2025-08-09T15:43:16Z,2026-05-31T23:59:59Z
APP-0000338,CAND-0000327,REQ-2025-00005,2025-08-05,job_board,withdrawn,review,,2025-08-14,accepted_other_offer,2025-08-14T19:44:05Z,2026-05-31T23:59:59Z
APP-0000339,CAND-0000328,REQ-2025-00005,2025-08-05,job_board,rejected,screen,2025-08-11,,experience_mismatch,2025-08-11T09:34:11Z,2026-05-31T23:59:59Z
APP-0000340,CAND-0000329,REQ-2025-00006,2025-09-14,referral,withdrawn,review,,2025-09-18,compensation_expectations,2025-09-18T18:55:44Z,2026-05-31T23:59:59Z
APP-0000341,CAND-0000330,REQ-2025-00006,2025-09-16,career_site,rejected,assessment,2025-09-22,,assessment_failed,2025-09-22T13:55:50Z,2026-05-31T23:59:59Z
APP-0000342,CAND-0000247,REQ-2025-00006,2025-09-17,job_board,started,offer,,,,2025-10-27T09:17:16Z,2026-05-31T23:59:59Z
APP-0000343,CAND-0000331,REQ-2025-00006,2025-09-18,career_site,rejected,interview,2025-10-07,,interview_feedback,2025-10-07T08:10:50Z,2026-05-31T23:59:59Z
APP-0000344,CAND-0000332,REQ-2025-00007,2025-09-18,job_board,rejected,assessment,2025-10-19,,assessment_failed,2025-10-19T17:56:57Z,2026-05-31T23:59:59Z
APP-0000345,CAND-0000333,REQ-2025-00006,2025-09-19,linkedin,rejected,assessment,2025-10-05,,assessment_failed,2025-10-05T15:03:27Z,2026-05-31T23:59:59Z
APP-0000346,CAND-0000334,REQ-2025-00007,2025-09-19,career_site,rejected,review,2025-09-24,,experience_mismatch,2025-09-24T19:29:09Z,2026-05-31T23:59:59Z
APP-0000347,CAND-0000335,REQ-2025-00006,2025-09-20,career_site,offer_withdrawn,offer,,,,2025-10-08T10:27:31Z,2026-05-31T23:59:59Z
APP-0000348,CAND-0000336,REQ-2025-00006,2025-09-20,sourced,rejected,interview,2025-10-08,,position_filled,2025-10-08T16:50:10Z,2026-05-31T23:59:59Z
APP-0000349,CAND-0000337,REQ-2025-00007,2025-09-20,linkedin,started,offer,,,,2025-12-29T18:05:08Z,2026-05-31T23:59:59Z
APP-0000350,CAND-0000338,REQ-2025-00007,2025-09-21,career_site,rejected,review,2025-10-03,,experience_mismatch,2025-10-03T13:43:13Z,2026-05-31T23:59:59Z
APP-0000351,CAND-0000339,REQ-2025-00006,2025-09-22,linkedin,rejected,review,2025-09-25,,experience_mismatch,2025-09-25T18:37:27Z,2026-05-31T23:59:59Z
APP-0000352,CAND-0000340,REQ-2025-00006,2025-09-22,linkedin,rejected,review,2025-09-27,,experience_mismatch,2025-09-27T13:49:17Z,2026-05-31T23:59:59Z
APP-0000353,CAND-0000341,REQ-2025-00007,2025-09-22,agency,rejected,review,2025-09-25,,experience_mismatch,2025-09-25T15:08:59Z,2026-05-31T23:59:59Z
APP-0000354,CAND-0000342,REQ-2025-00006,2025-09-23,career_site,rejected,review,2025-09-26,,not_qualified,2025-09-26T13:05:44Z,2026-05-31T23:59:59Z
APP-0000355,CAND-0000343,REQ-2025-00006,2025-09-24,referral,rejected,interview,2025-10-08,,position_filled,2025-10-08T13:56:14Z,2026-05-31T23:59:59Z
APP-0000356,CAND-0000344,REQ-2025-00006,2025-09-25,internal,rejected,review,2025-09-29,,not_qualified,2025-09-29T17:49:56Z,2026-05-31T23:59:59Z
APP-0000357,CAND-0000345,REQ-2025-00007,2025-09-25,sourced,rejected,screen,2025-10-05,,experience_mismatch,2025-10-05T17:04:18Z,2026-05-31T23:59:59Z
APP-0000358,CAND-0000346,REQ-2025-00007,2025-09-30,referral,rejected,review,2025-10-03,,not_qualified,2025-10-03T11:37:39Z,2026-05-31T23:59:59Z
APP-0000359,CAND-0000347,REQ-2025-00006,2025-10-01,linkedin,withdrawn,screen,,2025-10-07,accepted_other_offer,2025-10-07T11:35:49Z,2026-05-31T23:59:59Z
APP-0000360,CAND-0000348,REQ-2025-00007,2025-10-01,job_board,rejected,review,2025-10-04,,not_qualified,2025-10-04T13:31:30Z,2026-05-31T23:59:59Z
APP-0000361,CAND-0000349,REQ-2025-00007,2025-10-01,career_site,rejected,assessment,2025-10-19,,assessment_failed,2025-10-19T09:05:40Z,2026-05-31T23:59:59Z
APP-0000362,CAND-0000350,REQ-2025-00006,2025-10-04,job_board,withdrawn,review,,2025-10-08,no_response,2025-10-08T12:36:46Z,2026-05-31T23:59:59Z
APP-0000363,CAND-0000351,REQ-2025-00006,2025-10-05,job_board,withdrawn,review,,2025-10-08,accepted_other_offer,2025-10-08T12:24:40Z,2026-05-31T23:59:59Z
APP-0000364,CAND-0000352,REQ-2025-00007,2025-10-06,career_site,withdrawn,review,,2025-10-13,compensation_expectations,2025-10-13T08:14:35Z,2026-05-31T23:59:59Z
APP-0000365,CAND-0000353,REQ-2025-00007,2025-10-17,career_site,withdrawn,interview,,2025-11-13,personal,2025-11-13T10:29:17Z,2026-05-31T23:59:59Z
APP-0000366,CAND-0000354,REQ-2025-00007,2025-10-20,career_site,withdrawn,review,,2025-10-27,location,2025-10-27T17:16:55Z,2026-05-31T23:59:59Z
APP-0000367,CAND-0000355,REQ-2025-00007,2025-10-21,linkedin,rejected,interview,2025-11-13,,position_filled,2025-11-13T16:35:29Z,2026-05-31T23:59:59Z
APP-0000368,CAND-0000356,REQ-2025-00008,2025-10-27,career_site,withdrawn,screen,,2025-11-07,personal,2025-11-07T10:30:24Z,2026-05-31T23:59:59Z
APP-0000369,CAND-0000149,REQ-2025-00007,2025-10-28,career_site,rejected,screen,2025-11-11,,experience_mismatch,2025-11-11T15:15:34Z,2026-05-31T23:59:59Z
APP-0000370,CAND-0000357,REQ-2025-00008,2025-11-01,job_board,rejected,review,2025-11-06,,experience_mismatch,2025-11-06T13:24:03Z,2026-05-31T23:59:59Z
APP-0000371,CAND-0000358,REQ-2025-00008,2025-11-11,linkedin,rejected,assessment,2025-11-25,,assessment_failed,2025-11-25T09:47:17Z,2026-05-31T23:59:59Z
APP-0000372,CAND-0000359,REQ-2025-00009,2025-11-14,career_site,rejected,review,2025-11-18,,experience_mismatch,2025-11-18T14:45:51Z,2026-05-31T23:59:59Z
APP-0000373,CAND-0000360,REQ-2025-00009,2025-11-15,agency,rejected,interview,2025-12-04,,interview_feedback,2025-12-04T10:50:49Z,2026-05-31T23:59:59Z
APP-0000374,CAND-0000361,REQ-2025-00008,2025-11-17,sourced,rejected,assessment,2025-12-09,,assessment_failed,2025-12-09T08:28:26Z,2026-05-31T23:59:59Z
APP-0000375,CAND-0000362,REQ-2025-00009,2025-11-17,job_board,rejected,review,2025-11-21,,not_qualified,2025-11-21T17:22:04Z,2026-05-31T23:59:59Z
APP-0000376,CAND-0000363,REQ-2025-00009,2025-11-19,linkedin,rejected,screen,2025-11-26,,experience_mismatch,2025-11-26T13:14:46Z,2026-05-31T23:59:59Z
APP-0000377,CAND-0000364,REQ-2025-00009,2025-11-20,job_board,rejected,assessment,2025-12-08,,assessment_failed,2025-12-08T14:40:16Z,2026-05-31T23:59:59Z
APP-0000378,CAND-0000365,REQ-2025-00009,2025-11-20,career_site,rejected,review,2025-11-22,,experience_mismatch,2025-11-22T10:56:01Z,2026-05-31T23:59:59Z
APP-0000379,CAND-0000218,REQ-2025-00009,2025-11-21,career_site,rejected,review,2025-11-23,,experience_mismatch,2025-11-23T14:03:03Z,2026-05-31T23:59:59Z
APP-0000380,CAND-0000366,REQ-2025-00009,2025-11-23,linkedin,withdrawn,review,,2025-11-27,accepted_other_offer,2025-11-27T12:57:32Z,2026-05-31T23:59:59Z
APP-0000381,CAND-0000367,REQ-2025-00009,2025-11-23,career_site,rejected,review,2025-12-02,,not_qualified,2025-12-02T18:24:42Z,2026-05-31T23:59:59Z
APP-0000382,CAND-0000008,REQ-2025-00009,2025-11-23,linkedin,rejected,assessment,2025-12-06,,assessment_failed,2025-12-06T13:27:44Z,2026-05-31T23:59:59Z
APP-0000383,CAND-0000368,REQ-2025-00008,2025-11-25,internal,rejected,review,2025-11-30,,experience_mismatch,2025-11-30T14:43:18Z,2026-05-31T23:59:59Z
APP-0000384,CAND-0000369,REQ-2025-00009,2025-11-25,career_site,rejected,assessment,2025-12-10,,assessment_failed,2025-12-10T16:35:49Z,2026-05-31T23:59:59Z
APP-0000385,CAND-0000370,REQ-2025-00009,2025-11-25,referral,rejected,interview,2025-12-23,,interview_feedback,2025-12-23T12:00:51Z,2026-05-31T23:59:59Z
APP-0000386,CAND-0000371,REQ-2025-00009,2025-11-25,agency,withdrawn,review,,2025-11-29,compensation_expectations,2025-11-29T11:10:01Z,2026-05-31T23:59:59Z
APP-0000387,CAND-0000372,REQ-2025-00009,2025-11-27,agency,withdrawn,review,,2025-11-30,location,2025-11-30T15:00:47Z,2026-05-31T23:59:59Z
APP-0000388,CAND-0000373,REQ-2025-00009,2025-12-01,career_site,withdrawn,review,,2025-12-05,location,2025-12-05T15:11:10Z,2026-05-31T23:59:59Z
APP-0000389,CAND-0000374,REQ-2025-00008,2025-12-02,career_site,rejected,review,2025-12-06,,not_qualified,2025-12-06T11:28:24Z,2026-05-31T23:59:59Z
APP-0000390,CAND-0000375,REQ-2025-00009,2025-12-08,job_board,rejected,review,2025-12-12,,not_qualified,2025-12-12T17:26:21Z,2026-05-31T23:59:59Z
APP-0000391,CAND-0000376,REQ-2025-00009,2025-12-09,internal,withdrawn,interview,,2026-01-06,compensation_expectations,2026-01-06T19:58:35Z,2026-05-31T23:59:59Z
APP-0000392,CAND-0000377,REQ-2025-00009,2025-12-10,linkedin,rejected,review,2025-12-12,,experience_mismatch,2025-12-12T10:12:33Z,2026-05-31T23:59:59Z
APP-0000393,CAND-0000378,REQ-2025-00009,2025-12-12,agency,rejected,assessment,2026-01-06,,position_filled,2026-01-06T13:05:11Z,2026-05-31T23:59:59Z
APP-0000394,CAND-0000379,REQ-2025-00009,2025-12-12,career_site,started,offer,,,,2026-02-16T08:36:52Z,2026-05-31T23:59:59Z
APP-0000395,CAND-0000380,REQ-2025-00009,2025-12-13,referral,rejected,review,2025-12-26,,experience_mismatch,2025-12-26T08:34:58Z,2026-05-31T23:59:59Z
APP-0000396,CAND-0000381,REQ-2025-00008,2025-12-16,job_board,rejected,screen,2026-01-13,,not_qualified,2026-01-13T12:54:32Z,2026-05-31T23:59:59Z
APP-0000397,CAND-0000382,REQ-2025-00009,2025-12-20,career_site,rejected,screen,2025-12-29,,experience_mismatch,2025-12-29T13:50:22Z,2026-05-31T23:59:59Z
APP-0000398,CAND-0000383,REQ-2025-00010,2025-12-21,referral,withdrawn,review,,2025-12-30,location,2025-12-30T12:34:23Z,2026-05-31T23:59:59Z
APP-0000399,CAND-0000384,REQ-2025-00010,2025-12-21,linkedin,offer_declined,offer,,,,2026-01-13T08:23:53Z,2026-05-31T23:59:59Z
APP-0000400,CAND-0000385,REQ-2025-00010,2025-12-25,job_board,rejected,review,2025-12-29,,experience_mismatch,2025-12-29T17:05:53Z,2026-05-31T23:59:59Z
APP-0000401,CAND-0000386,REQ-2025-00009,2025-12-27,career_site,rejected,review,2025-12-28,,experience_mismatch,2025-12-28T17:43:03Z,2026-05-31T23:59:59Z
APP-0000402,CAND-0000387,REQ-2025-00009,2025-12-27,referral,rejected,assessment,2026-01-06,,position_filled,2026-01-06T16:49:33Z,2026-05-31T23:59:59Z
APP-0000403,CAND-0000388,REQ-2025-00008,2026-01-01,career_site,rejected,review,2026-01-02,,not_qualified,2026-01-02T08:40:43Z,2026-05-31T23:59:59Z
APP-0000404,CAND-0000389,REQ-2025-00010,2026-01-06,career_site,rejected,review,2026-01-11,,experience_mismatch,2026-01-11T11:23:20Z,2026-05-31T23:59:59Z
APP-0000405,CAND-0000390,REQ-2025-00008,2026-01-13,job_board,rejected,review,2026-01-15,,not_qualified,2026-01-15T19:56:46Z,2026-05-31T23:59:59Z
APP-0000406,CAND-0000391,REQ-2025-00008,2026-01-18,job_board,rejected,review,2026-01-22,,experience_mismatch,2026-01-22T16:29:56Z,2026-05-31T23:59:59Z
APP-0000407,CAND-0000392,REQ-2025-00010,2026-01-25,job_board,withdrawn,review,,2026-01-28,location,2026-01-28T18:15:46Z,2026-05-31T23:59:59Z
APP-0000408,CAND-0000393,REQ-2025-00010,2026-02-01,job_board,rejected,screen,2026-02-13,,not_qualified,2026-02-13T08:48:03Z,2026-05-31T23:59:59Z
APP-0000409,CAND-0000229,REQ-2026-00001,2026-02-20,job_board,rejected,assessment,2026-03-07,,assessment_failed,2026-03-07T16:29:09Z,2026-05-31T23:59:59Z
APP-0000410,CAND-0000394,REQ-2025-00010,2026-02-21,internal,rejected,review,2026-02-27,,not_qualified,2026-02-27T10:34:24Z,2026-05-31T23:59:59Z
APP-0000411,CAND-0000395,REQ-2026-00001,2026-02-22,job_board,rejected,review,2026-03-01,,experience_mismatch,2026-03-01T12:00:38Z,2026-05-31T23:59:59Z
APP-0000412,CAND-0000396,REQ-2026-00001,2026-02-23,job_board,started,offer,,,,2026-04-27T09:23:40Z,2026-05-31T23:59:59Z
APP-0000413,CAND-0000397,REQ-2026-00001,2026-02-25,career_site,rejected,review,2026-03-04,,experience_mismatch,2026-03-04T15:19:38Z,2026-05-31T23:59:59Z
APP-0000414,CAND-0000398,REQ-2026-00001,2026-02-26,job_board,rejected,review,2026-02-28,,not_qualified,2026-02-28T11:03:05Z,2026-05-31T23:59:59Z
APP-0000415,CAND-0000399,REQ-2026-00001,2026-02-26,career_site,rejected,interview,2026-03-24,,position_filled,2026-03-24T14:35:43Z,2026-05-31T23:59:59Z
APP-0000416,CAND-0000398,REQ-2025-00010,2026-02-27,linkedin,rejected,screen,2026-03-11,,experience_mismatch,2026-03-11T08:42:45Z,2026-05-31T23:59:59Z
APP-0000417,CAND-0000400,REQ-2026-00001,2026-02-27,referral,rejected,assessment,2026-03-17,,assessment_failed,2026-03-17T18:43:31Z,2026-05-31T23:59:59Z
APP-0000418,CAND-0000401,REQ-2026-00001,2026-03-01,linkedin,rejected,review,2026-03-03,,not_qualified,2026-03-03T15:05:38Z,2026-05-31T23:59:59Z
APP-0000419,CAND-0000402,REQ-2026-00001,2026-03-02,career_site,rejected,review,2026-03-04,,not_qualified,2026-03-04T10:46:44Z,2026-05-31T23:59:59Z
APP-0000420,CAND-0000403,REQ-2026-00001,2026-03-02,job_board,withdrawn,review,,2026-03-05,location,2026-03-05T12:53:07Z,2026-05-31T23:59:59Z
APP-0000421,CAND-0000404,REQ-2026-00001,2026-03-04,career_site,rejected,screen,2026-03-12,,experience_mismatch,2026-03-12T19:05:09Z,2026-05-31T23:59:59Z
APP-0000422,CAND-0000405,REQ-2026-00001,2026-03-05,career_site,rejected,review,2026-03-08,,experience_mismatch,2026-03-08T08:25:03Z,2026-05-31T23:59:59Z
APP-0000423,CAND-0000406,REQ-2025-00010,2026-03-08,job_board,rejected,review,2026-03-10,,experience_mismatch,2026-03-10T08:26:49Z,2026-05-31T23:59:59Z
APP-0000424,CAND-0000407,REQ-2026-00001,2026-03-10,job_board,rejected,review,2026-03-13,,not_qualified,2026-03-13T18:54:34Z,2026-05-31T23:59:59Z
APP-0000425,CAND-0000200,REQ-2026-00001,2026-03-15,job_board,rejected,screen,2026-03-23,,experience_mismatch,2026-03-23T13:37:00Z,2026-05-31T23:59:59Z
APP-0000426,CAND-0000221,REQ-2025-00008,2026-03-17,career_site,rejected,interview,2026-04-23,,interview_feedback,2026-04-23T18:11:18Z,2026-05-31T23:59:59Z
APP-0000427,CAND-0000408,REQ-2026-00001,2026-03-18,linkedin,withdrawn,screen,,2026-03-24,no_response,2026-03-24T11:33:36Z,2026-05-31T23:59:59Z
APP-0000428,CAND-0000409,REQ-2026-00002,2026-03-21,linkedin,withdrawn,assessment,,2026-04-03,no_response,2026-04-03T17:17:53Z,2026-05-31T23:59:59Z
APP-0000429,CAND-0000410,REQ-2026-00002,2026-03-23,career_site,rejected,assessment,2026-04-24,,assessment_failed,2026-04-24T18:13:43Z,2026-05-31T23:59:59Z
APP-0000430,CAND-0000318,REQ-2026-00002,2026-03-23,career_site,rejected,assessment,2026-04-09,,assessment_failed,2026-04-09T13:04:50Z,2026-05-31T23:59:59Z
APP-0000431,CAND-0000411,REQ-2026-00002,2026-03-27,career_site,rejected,assessment,2026-04-11,,assessment_failed,2026-04-11T19:44:36Z,2026-05-31T23:59:59Z
APP-0000432,CAND-0000412,REQ-2026-00002,2026-03-28,linkedin,rejected,interview,2026-05-05,,interview_feedback,2026-05-05T08:58:06Z,2026-05-31T23:59:59Z
APP-0000433,CAND-0000413,REQ-2026-00002,2026-03-30,internal,rejected,review,2026-04-05,,not_qualified,2026-04-05T08:11:52Z,2026-05-31T23:59:59Z
APP-0000434,CAND-0000414,REQ-2026-00002,2026-03-31,career_site,withdrawn,assessment,,2026-04-28,no_response,2026-04-28T13:17:31Z,2026-05-31T23:59:59Z
APP-0000435,CAND-0000415,REQ-2026-00002,2026-04-11,job_board,rejected,review,2026-04-14,,experience_mismatch,2026-04-14T14:37:49Z,2026-05-31T23:59:59Z
APP-0000436,CAND-0000416,REQ-2026-00003,2026-04-11,linkedin,rejected,assessment,2026-04-17,,assessment_failed,2026-04-17T18:23:03Z,2026-05-31T23:59:59Z
APP-0000437,CAND-0000417,REQ-2026-00003,2026-04-12,sourced,withdrawn,review,,2026-04-15,location,2026-04-15T17:07:29Z,2026-05-31T23:59:59Z
APP-0000438,CAND-0000094,REQ-2026-00003,2026-04-12,linkedin,rejected,interview,2026-04-22,,interview_feedback,2026-04-22T15:35:28Z,2026-05-31T23:59:59Z
APP-0000439,CAND-0000418,REQ-2026-00003,2026-04-13,sourced,offer_accepted,offer,,,,2026-05-04T19:26:14Z,2026-05-31T23:59:59Z
APP-0000440,CAND-0000419,REQ-2026-00003,2026-04-14,linkedin,rejected,review,2026-04-18,,not_qualified,2026-04-18T13:10:13Z,2026-05-31T23:59:59Z
APP-0000441,CAND-0000389,REQ-2026-00002,2026-04-15,job_board,rejected,screen,2026-04-27,,not_qualified,2026-04-27T18:18:11Z,2026-05-31T23:59:59Z
APP-0000442,CAND-0000420,REQ-2026-00003,2026-04-15,agency,rejected,review,2026-04-20,,not_qualified,2026-04-20T17:38:33Z,2026-05-31T23:59:59Z
APP-0000443,CAND-0000421,REQ-2025-00010,2026-04-16,linkedin,rejected,assessment,2026-05-03,,assessment_failed,2026-05-03T16:58:55Z,2026-05-31T23:59:59Z
APP-0000444,CAND-0000422,REQ-2026-00002,2026-04-16,internal,rejected,review,2026-04-18,,not_qualified,2026-04-18T10:36:28Z,2026-05-31T23:59:59Z
APP-0000445,CAND-0000423,REQ-2026-00003,2026-04-17,referral,withdrawn,interview,,2026-05-05,accepted_other_offer,2026-05-05T12:21:14Z,2026-05-31T23:59:59Z
APP-0000446,CAND-0000424,REQ-2026-00003,2026-04-17,internal,rejected,interview,2026-05-06,,position_filled,2026-05-06T08:23:28Z,2026-05-31T23:59:59Z
APP-0000447,CAND-0000425,REQ-2026-00003,2026-04-18,linkedin,offer_withdrawn,offer,,,,2026-05-05T16:57:58Z,2026-05-31T23:59:59Z
APP-0000448,CAND-0000426,REQ-2026-00002,2026-04-20,career_site,withdrawn,review,,2026-04-22,location,2026-04-22T13:04:07Z,2026-05-31T23:59:59Z
APP-0000449,CAND-0000427,REQ-2026-00003,2026-04-20,linkedin,rejected,assessment,2026-05-06,,position_filled,2026-05-06T10:40:17Z,2026-05-31T23:59:59Z
APP-0000450,CAND-0000428,REQ-2025-00008,2026-04-21,career_site,rejected,screen,2026-04-29,,experience_mismatch,2026-04-29T09:46:28Z,2026-05-31T23:59:59Z
APP-0000451,CAND-0000429,REQ-2025-00008,2026-04-21,job_board,rejected,screen,2026-05-27,,experience_mismatch,2026-05-27T15:43:30Z,2026-05-31T23:59:59Z
APP-0000452,CAND-0000430,REQ-2026-00003,2026-04-23,agency,rejected,assessment,2026-05-02,,assessment_failed,2026-05-02T19:04:56Z,2026-05-31T23:59:59Z
APP-0000453,CAND-0000431,REQ-2026-00002,2026-04-24,referral,rejected,review,2026-04-25,,not_qualified,2026-04-25T08:30:06Z,2026-05-31T23:59:59Z
APP-0000454,CAND-0000432,REQ-2026-00003,2026-04-24,career_site,rejected,assessment,2026-05-06,,position_filled,2026-05-06T18:51:25Z,2026-05-31T23:59:59Z
APP-0000455,CAND-0000433,REQ-2026-00003,2026-04-26,referral,rejected,screen,2026-05-06,,position_filled,2026-05-06T15:35:23Z,2026-05-31T23:59:59Z
APP-0000456,CAND-0000434,REQ-2026-00002,2026-04-27,career_site,rejected,review,2026-05-03,,not_qualified,2026-05-03T16:01:05Z,2026-05-31T23:59:59Z
APP-0000457,CAND-0000435,REQ-2026-00003,2026-04-28,referral,rejected,review,2026-05-03,,not_qualified,2026-05-03T08:50:31Z,2026-05-31T23:59:59Z
APP-0000458,CAND-0000436,REQ-2026-00003,2026-04-30,job_board,rejected,review,2026-05-03,,experience_mismatch,2026-05-03T15:56:54Z,2026-05-31T23:59:59Z
APP-0000459,CAND-0000437,REQ-2026-00003,2026-05-01,linkedin,rejected,review,2026-05-06,,position_filled,2026-05-06T13:33:04Z,2026-05-31T23:59:59Z
APP-0000460,CAND-0000438,REQ-2026-00002,2026-05-05,job_board,rejected,interview,2026-05-25,,interview_feedback,2026-05-25T16:57:27Z,2026-05-31T23:59:59Z
APP-0000461,CAND-0000439,REQ-2025-00010,2026-05-13,job_board,rejected,review,2026-05-18,,experience_mismatch,2026-05-18T15:42:25Z,2026-05-31T23:59:59Z
APP-0000462,CAND-0000375,REQ-2026-00002,2026-05-15,career_site,active,assessment,,,,2026-05-27T11:03:55Z,2026-05-31T23:59:59Z
APP-0000463,CAND-0000440,REQ-2025-00008,2026-05-18,referral,rejected,review,2026-05-20,,not_qualified,2026-05-20T18:32:45Z,2026-05-31T23:59:59Z
APP-0000464,CAND-0000441,REQ-2026-00004,2026-05-28,career_site,active,review,,,,2026-05-28T13:21:50Z,2026-05-31T23:59:59Z
APP-0000465,CAND-0000442,REQ-2026-00004,2026-05-31,sourced,active,review,,,,2026-05-31T18:45:12Z,2026-05-31T23:59:59Z
